Year,D_Area,Hist_Mean,Ann_Mean,Hist_Max,Ann_Max,Hist_Min,Ann_Min,RiverCoeff,Hist_MaxQs,Ann_MaxQs
2000,622.80,36.18,43.67,9110.00,1472.00,0.86,6.85,6650,35715,4686
2000,820.69,62.77,84.51,4580.00,2680.00,2.85,22.20,1607,118000,8757
2000,221.73,13.95,15.36,1910.00,454.00,0.37,1.90,5162,18900,597
2000,247.28,13.47,17.88,3640.00,852.00,0.36,0.74,10111,49693,726
2000,633.18,31.27,29.29,6340.00,636.00,0.06,2.61,105667,45600,370
2000,417.08,25.16,33.91,1471.64,1154.50,3.30,6.53,446,49253,1790
2000,1980.65,116.37,111.99,13500.00,2050.00,5.41,36.50,23276,21500,1570
2000,2090.62,-,-,-,-,-,-,1387,37170,-
2000,597.46,24.55,16.92,3640.00,532.00,0.00,9.30,-,16534,3422
2000,149.68,7.73,6.55,2160.00,356.00,0.00,0.49,-,8240,1473
2000,441.02,19.05,22.02,5980.00,681.00,0.00,2.68,-,39364,4470
2000,226.66,8.68,7.19,1600.00,384.00,0.00,0.32,-,23833,4470
2000,1115.90,-,-,-,-,-,-,-,160996,-
2000,146.46,5.53,7.89,608.00,526.00,0.00,0.17,-,37380,4800
2000,139.62,8.00,9.00,1770.00,538.00,0.00,0.04,88500,753353,19679
2000,812.03,67.11,55.36,6500.00,1240.00,0.00,9.44,-,47465,43519
2000,175.30,16.52,15.49,1690.00,752.00,0.34,2.10,4971,2388,301
2000,309.86,24.25,31.84,4350.00,721.00,0.00,0.10,-,28706,2034
2000,1506.00,97.94,143.43,11900.00,10800.00,16.50,34.10,717,56000,14500
2000,1538.81,104.72,126.65,14300.00,11100.00,12.00,24.00,1135,33400,18500
2000,1584.29,94.39,104.99,12800.00,7260.00,0.41,4.00,31220,64000,44676
1999,622.80,35.98,26.51,9110.00,202.22,0.86,5.65,6650,35715,0
1999,820.69,62.34,62.54,4580.00,739.00,2.85,7.29,1607,118000,29800
1999,221.73,13.90,9.39,1910.00,116.00,0.37,1.64,5162,18900,103
1999,247.28,13.37,10.71,3640.00,278.00,0.36,1.19,10111,49693,379
1999,633.18,31.33,18.20,6340.00,175.00,0.06,1.66,105667,45600,278
1999,417.08,24.86,21.54,1471.64,214.23,3.30,6.51,446,49253,251
1999,1980.65,116.50,101.31,13500.00,1280.00,5.41,24.30,23276,21500,501
1999,2090.62,-,-,-,-,-,-,1387,37170,-
1999,597.46,24.71,26.20,3640.00,614.00,0.00,4.00,-,16534,972
1999,149.68,7.78,5.52,2160.00,932.00,0.00,0.46,-,8240,1436
1999,441.02,18.98,21.96,5980.00,576.00,0.00,2.10,-,39364,28633
1999,226.66,8.71,9.68,1600.00,312.00,0.00,0.35,-,23833,8632
1999,1115.90,26.21,17.53,4000.00,966.00,0.00,0.20,-,160996,6656
1999,146.46,5.44,8.17,608.00,266.00,0.00,0.33,-,37380,4803
1999,139.62,7.94,11.18,1770.00,128.00,0.00,0.00,88500,753353,102718
1999,812.03,67.39,68.81,6500.00,1870.00,0.00,8.71,-,47465,4495
1999,175.30,16.55,18.03,1690.00,308.00,0.34,1.60,4971,2388,236
1999,309.86,24.05,37.86,4350.00,862.00,0.00,0.31,-,28706,1498
1999,1506.00,96.42,76.74,11900.00,4060.00,16.50,20.40,717,56000,9680
1999,1538.81,103.99,93.19,14300.00,4690.00,12.00,30.60,1135,33400,12400
1999,1584.29,94.20,112.63,12800.00,3660.00,0.41,8.16,31220,64000,22427
1998,622.80,36.24,47.06,9110.00,4786.20,0.86,3.07,6650,35715,9999
1998,820.69,62.34,87.21,4580.00,3370.00,2.85,11.70,1607,118000,13400
1998,21.73,14.06,21.16,1910.00,1160.00,0.37,2.05,5162,18900,2577
1998,247.28,13.43,17.90,3640.00,1330.00,0.36,0.58,10111,49693,3300
1998,633.18,31.74,36.90,6340.00,-,0.06,3.00,105667,45600,2662
1998,417.08,24.98,32.23,1471.64,717.50,3.30,5.50,446,49253,1670
1998,1980.65,116.96,126.89,13500.00,1950.00,5.41,48.40,23276,21500,1680
1998,2090.62,90.41,138.58,8320.00,2700.00,6.00,20.50,1387,37170,28726
1998,597.46,24.68,34.80,3640.00,793.00,0.00,5.60,-,16534,5805
1998,149.68,7.86,10.20,2160.00,214.00,0.00,1.50,-,8240,560
1998,441.02,18.91,28.63,5980.00,685.00,0.00,1.43,-,39364,6562
1998,226.66,8.69,11.67,1600.00,382.00,0.00,0.43,-,23833,2930
1998,1115.90,26.72,26.38,4000.00,1360.00,0.00,0.12,-,160996,15371
1998,146.46,5.33,6.80,608.00,408.00,0.00,0.05,-,37380,3071
1998,139.62,7.75,6.01,1770.00,237.00,0.00,0.05,88500,753353,37046
1998,812.03,67.36,78.23,6500.00,2700.00,0.00,2.37,-,47465,8286
1998,175.30,16.51,18.90,1690.00,506.00,0.34,2.88,4971,2388,135
1998,309.86,23.68,39.03,4350.00,1280.00,0.00,0.72,-,28706,560
1998,1506.00,97.10,126.78,11900.00,10000.00,16.50,29.00,717,56000,19900
1998,1538.81,104.37,143.24,14300.00,8630.00,12.00,26.50,1135,33400,12600
1998,1584.29,93.84,97.64,12800.00,4950.00,0.41,3.22,31220,64000,34768
1997,622.80,35.94,40.29,9110.00,2620.74,0.86,2.91,6650,35715,10494
1997,820.69,61.82,48.00,4580.00,2950.00,2.85,13.70,1607,118000,13500
1997,221.73,13.80,14.64,1910.00,495.00,0.37,1.50,5162,18900,2747
1997,247.28,13.33,16.28,3640.00,940.00,0.36,0.71,10111,49693,8360
1997,633.18,31.57,45.08,6340.00,-,0.06,1.15,105667,45600,45600
1997,417.08,24.71,24.03,1471.64,825.00,3.30,5.14,446,49253,3007
1997,1980.65,116.65,117.17,13500.00,2730.00,5.41,12.30,23276,21500,3560
1997,2090.62,86.03,86.72,8320.00,600.00,6.00,12.70,1387,37170,11306
1997,597.46,24.45,22.60,3640.00,417.00,0.00,5.46,-,16534,11996
1997,149.68,7.77,12.68,2160.00,920.00,0.00,0.80,-,8240,2232
1997,441.02,18.67,23.83,5980.00,682.00,0.00,1.22,-,39364,12890
1997,226.66,8.61,11.25,1600.00,361.00,0.00,0.30,-,23833,3310
1997,1115.90,26.74,29.63,4000.00,2160.00,0.00,0.04,-,160996,19884
1997,146.46,5.28,6.66,608.00,470.00,0.00,0.04,-,37380,753
1997,139.62,7.86,7.27,1770.00,-,0.00,0.00,88500,753353,25666
1997,812.03,67.08,48.14,6500.00,520.00,0.00,9.74,-,47465,3678
1997,175.30,16.44,18.06,1690.00,391.00,0.34,2.20,4971,2388,959
1997,309.86,23.25,27.83,4350.00,920.00,0.00,0.85,-,28706,2661
1997,1506.00,96.04,67.59,11900.00,2220.00,16.50,32.20,717,56000,3640
1997,1538.81,102.98,90.63,14300.00,3150.00,12.00,37.20,1135,33400,2160
1997,1584.29,93.77,47.44,12800.00,1310.00,0.41,5.25,31220,64000,14958
1996,622.80,35.81,34.90,9110.00,-,0.86,2.79,6650,35715,-
1996,820.69,62.11,66.28,4580.00,3020.00,2.85,11.60,1607,118000,15106
1996,221.73,13.76,14.85,1910.00,1610.00,0.37,1.56,5162,18900,4740
1996,247.28,13.25,14.00,3640.00,1460.00,0.36,0.42,10111,49693,2950
1996,633.18,31.12,39.21,6340.00,4400.00,0.06,0.76,105667,24500,11900
1996,417.08,24.73,24.04,1471.64,1090.00,3.30,3.91,446,49253,1286
1996,1980.65,116.63,91.11,13500.00,5630.00,5.41,18.90,23276,21500,1890
1996,2090.62,85.96,93.57,8320.00,8320.00,6.00,11.00,1387,37170,11974
1996,597.46,24.49,21.14,3640.00,1150.00,0.00,4.60,-,16534,1823
1996,149.68,7.57,10.00,2160.00,2160.00,0.00,0.46,-,8240,2275
1996,441.02,18.53,23.05,5980.00,2040.00,0.00,1.00,-,39364,39364
1996,226.66,8.53,6.48,1600.00,399.00,0.00,0.31,-,23833,1683
1996,1115.90,26.55,16.90,4000.00,2010.00,0.00,0.01,-,160996,13637
1996,146.46,5.22,2.98,608.00,271.00,0.00,0.00,-,37380,167
1996,139.62,7.90,3.80,1770.00,-,0.01,0.01,88500,753353,26271
1996,812.03,67.58,51.26,6500.00,6500.00,0.00,6.30,-,47465,14839
1996,175.30,16.39,15.68,1690.00,1290.00,0.34,1.40,4971,2388,897
1996,309.86,23.12,28.37,4350.00,3190.00,0.00,0.30,-,28706,9256
1996,1506.00,97.09,89.36,11900.00,3090.00,16.50,23.80,717,56000,5030
1996,1538.81,103.43,104.33,14300.00,5110.00,12.00,18.00,1135,33400,12300
1996,1584.29,94.69,90.29,12800.00,4370.00,0.41,2.70,31220,64000,37290
1995,622.80,35.84,22.43,9110.00,120.05,0.86,0.86,6650,35715,17
1995,820.69,62.02,51.97,4580.00,691.00,2.85,14.40,1607,118000,21700
1995,221.73,13.72,9.64,1910.00,126.00,0.37,1.39,5162,18900,130
1995,247.28,13.24,10.71,3640.00,279.00,0.36,0.70,10111,49693,1300
1995,633.18,30.85,25.52,6340.00,700.00,0.06,0.50,105667,24500,2380
1995,417.08,24.76,19.01,1471.64,105.00,3.30,4.65,446,49253,49253
1995,1980.65,117.48,117.96,13500.00,2900.00,5.41,37.50,23276,21500,261
1995,2090.62,85.11,57.85,6020.00,1120.00,6.00,24.60,1387,37170,4819
1995,597.46,24.57,13.71,3640.00,290.00,0.00,5.60,-,16534,3456
1995,149.68,7.46,6.16,1810.00,360.00,0.00,0.17,-,8240,3115
1995,441.02,18.41,10.96,5980.00,235.00,0.00,2.09,-,36300,2251
1995,226.66,8.59,4.85,1600.00,106.00,0.00,0.58,-,23833,1756
1995,1115.90,27.24,5.12,4000.00,355.00,0.00,0.01,-,160996,5577
1995,146.46,5.32,2.43,608.00,113.00,0.00,0.01,-,37380,96
1995,139.62,8.19,3.91,1770.00,252.00,0.02,0.05,88500,753353,32183
1995,812.03,68.02,36.69,6160.00,1000.00,0.00,7.20,-,47465,7013
1995,175.30,16.41,8.69,1690.00,334.00,0.34,2.04,4971,2388,142
1995,309.86,22.97,17.00,4350.00,758.00,0.00,0.33,-,28706,875
1995,1506.00,97.39,80.41,11900.00,1620.00,16.50,32.20,717,56000,4190
1995,1538.81,103.40,96.96,14300.00,2360.00,12.00,35.80,1135,33400,4510
1995,1584.29,94.78,87.77,12800.00,6700.00,0.41,2.97,31220,64000,30591
1994,622.80,36.25,50.01,9110.00,2488.00,1.37,1.65,6650,35715,6128
1994,820.69,62.24,83.46,4580.00,3350.00,2.85,8.25,1607,118000,58700
1994,221.73,13.89,17.59,1910.00,1030.00,0.37,1.55,5162,18900,18900
1994,247.28,13.30,19.14,3640.00,1460.00,0.36,1.20,10111,49693,1020
1994,633.18,31.04,50.30,6340.00,3170.00,0.06,0.31,105667,24500,3710
1994,417.08,25.00,30.87,1471.64,1180.00,3.30,3.30,446,4692,2588
1994,1980.65,117.47,154.26,13500.00,9980.00,5.41,16.20,23276,21500,6075
1994,2090.62,88.52,107.16,6020.00,5420.00,6.00,14.50,1387,37170,32339
1994,597.46,24.83,19.94,3640.00,570.00,0.00,2.68,-,16534,2616
1994,149.68,7.52,13.90,1810.00,1810.00,0.00,0.52,-,8240,5801
1994,441.02,18.62,23.12,5980.00,490.00,0.00,1.24,-,36300,3800
1994,226.66,8.70,12.42,1600.00,311.00,0.00,0.90,-,23833,3207
1994,1115.90,28.94,34.14,4000.00,1460.00,0.00,0.01,-,160996,18429
1994,146.46,5.45,7.77,608.00,527.00,0.00,0.00,-,37380,750
1994,139.62,8.52,12.81,1770.00,875.00,0.02,0.15,88500,753353,24531
1994,812.03,68.89,50.70,6160.00,2300.00,0.00,8.61,-,47465,47465
1994,175.30,16.67,18.80,1690.00,1120.00,0.34,1.94,4971,2388,512
1994,309.86,23.15,17.95,4350.00,779.00,0.00,0.19,-,28706,4787
1994,1506.00,98.07,93.42,11900.00,3060.00,16.50,26.60,717,56000,22900
1994,1538.81,103.66,102.14,14300.00,6430.00,12.00,20.00,1135,33400,12500
1994,1584.29,94.93,75.78,12800.00,3210.00,0.41,2.10,31220,64000,18483
1993,622.80,35.81,15.01,9110.00,-,1.37,1.90,6650,35715,11
1993,820.69,61.76,28.62,4580.00,-,2.85,3.30,1607,118000,5850
1993,221.73,13.73,7.24,1910.00,83.80,0.37,1.55,5162,18016,519
1993,247.28,13.15,10.59,3640.00,940.00,0.36,0.92,10111,49693,445
1993,633.18,30.32,14.27,6340.00,-,0.06,0.65,105667,24500,233
1993,417.08,24.74,15.85,1471.64,215.00,3.40,3.40,446,4692,500
1993,1980.65,116.15,102.79,13500.00,2430.00,5.41,16.50,23276,21500,2430
1993,2090.62,85.85,44.48,6020.00,547.00,6.00,16.80,1387,37170,13354
1993,597.46,24.95,11.11,3640.00,323.00,0.00,2.90,-,16534,1106
1993,149.68,7.22,6.76,1300.00,220.00,0.00,0.22,-,8240,1007
1993,441.02,18.49,13.44,5980.00,365.00,0.00,1.28,-,36300,2218
1993,226.66,8.59,6.43,1600.00,138.00,0.00,0.24,-,23833,2601
1993,1115.90,28.50,9.95,4000.00,850.00,0.00,0.00,-,160996,1485
1993,146.46,5.34,3.98,608.00,307.00,0.00,0.21,-,37380,494
1993,139.62,8.16,5.74,1770.00,333.00,0.02,0.05,88500,753353,22948
1993,812.03,69.41,30.71,6160.00,650.00,0.00,9.70,-,22677,2810
1993,175.30,16.59,5.52,1690.00,110.00,0.34,1.54,4971,2388,274
1993,309.86,23.31,4.31,4350.00,153.00,0.00,0.40,-,28706,1744
1993,1506.00,98.26,41.00,11900.00,220.00,16.50,19.90,717,56000,4430
1993,1538.81,103.72,55.60,14300.00,670.00,12.00,19.00,1135,33400,2830
1993,1584.29,95.34,35.66,12800.00,1660.00,0.41,2.50,31220,64000,20700
1992,622.80,36.50,46.58,9110.00,1740.00,1.37,3.85,6650,35715,2791
1992,820.69,62.53,79.95,4580.00,-,2.85,5.60,1607,118000,118000
1992,221.73,14.02,14.31,1910.00,291.00,0.37,2.00,5162,18016,483
1992,247.28,13.22,15.61,3640.00,580.00,0.36,1.32,10111,49693,466
1992,633.18,30.94,33.77,6340.00,225.00,0.06,0.44,105667,24500,583
1992,417.08,25.15,38.31,1471.64,701.00,3.40,5.15,446,4692,1509
1992,1980.65,116.65,140.09,13500.00,2810.00,5.41,38.00,23276,21500,2340
1992,2090.62,92.75,101.66,6020.00,1350.00,6.00,21.20,1387,37170,25000
1992,597.46,25.29,28.54,3640.00,1000.00,0.00,1.80,-,16534,3991
1992,149.68,7.24,7.15,1300.00,324.00,0.00,0.00,-,8240,2864
1992,441.02,18.63,26.32,5980.00,1160.00,0.00,1.22,-,36300,7220
1992,226.66,8.66,11.07,1600.00,788.00,0.00,0.10,-,23833,3645
1992,1115.90,30.19,45.93,4000.00,4000.00,0.00,0.00,-,160996,35055
1992,146.46,5.40,9.15,608.00,608.00,0.00,0.04,-,37380,1444
1992,139.62,8.38,10.42,1770.00,1070.00,0.02,0.15,88500,753353,36717
1992,812.03,70.54,68.61,6160.00,2950.00,0.00,12.90,-,22677,6603
1992,175.30,16.99,16.34,1690.00,1040.00,0.34,4.12,4971,2388,383
1992,309.86,23.92,21.94,4350.00,4350.00,0.00,0.79,-,28706,5034
1992,1506.00,100.75,78.05,11900.00,2160.00,16.50,23.80,717,56000,11600
1992,1538.81,105.81,95.46,14300.00,3900.00,12.00,19.00,1135,33400,11700
1992,1584.29,96.63,79.53,12800.00,1480.00,0.41,9.96,31220,64000,27100
1991,622.80,36.16,27.21,9110.00,-,1.37,2.54,6650,35715,2276
1991,820.69,62.12,58.97,4580.00,1298.00,2.85,7.37,1607,36600,12680
1991,221.73,14.01,8.72,1910.00,-,0.37,1.78,5162,18016,128
1991,247.28,13.15,8.67,3640.00,595.00,0.36,1.06,10111,49693,231
1991,633.18,30.83,8.49,6340.00,-,0.06,0.99,105667,24500,723
1991,417.08,24.52,14.77,1471.64,185.00,3.40,4.40,446,4692,1434
1991,1980.65,115.75,72.60,13500.00,1820.00,5.41,21.90,23276,21500,1580
1991,2090.62,90.97,49.74,6020.00,623.00,6.00,6.00,1387,37170,7965
1991,597.46,25.21,13.98,3640.00,441.00,0.00,0.60,-,16534,778
1991,149.68,7.24,2.71,1300.00,196.00,0.00,0.22,-,8240,356
1991,441.02,18.41,10.81,5980.00,662.00,0.00,0.92,-,36300,4466
1991,226.66,8.58,5.87,1600.00,505.00,0.00,0.30,-,23833,3498
1991,1115.90,28.62,19.16,3150.00,1640.00,0.00,0.00,-,160996,16574
1991,146.46,5.21,5.20,598.00,463.00,0.00,0.01,-,37380,553
1991,139.62,8.18,7.08,1770.00,683.00,0.02,0.02,88500,753353,57609
1991,812.03,70.60,46.81,6160.00,1940.00,0.00,4.72,-,22677,9740
1991,175.30,17.01,16.54,1690.00,565.00,0.34,1.50,4971,2388,697
1991,309.86,23.99,29.64,3050.00,1490.00,0.00,0.29,-,28706,4353
1991,1506.00,101.78,86.01,11900.00,2420.00,16.50,16.50,717,56000,40800
1991,1538.81,106.28,73.14,14300.00,3970.00,12.00,12.00,1135,33400,33400
1991,1584.29,97.01,107.17,12800.00,4550.00,0.41,1.80,31220,64000,41200
1990,622.80,36.48,55.81,9110.00,3851.00,1.37,5.80,6650,35715,10447
1990,820.69,62.20,45.96,4580.00,-,2.85,6.53,1607,36600,36600
1990,221.73,14.28,18.63,1910.00,1730.00,0.37,2.23,5162,18016,2440
1990,247.28,13.28,18.81,3640.00,991.00,0.36,1.50,10111,49693,7876
1990,633.18,31.76,58.16,6340.00,2430.00,0.06,1.12,105667,24500,4910
1990,417.08,25.01,44.30,1471.64,1471.64,3.40,5.00,446,4692,4692
1990,1980.65,117.47,145.48,13500.00,13500.00,5.41,20.00,23276,21500,21500
1990,2090.62,101.27,138.07,6020.00,3210.00,14.30,19.20,1387,37170,37170
1990,597.46,25.51,37.44,3640.00,770.00,0.00,2.34,-,16534,2303
1990,149.68,7.50,11.03,1300.00,622.00,0.00,0.40,-,8240,2199
1990,441.02,18.64,30.05,5980.00,848.00,0.00,0.78,-,36300,8360
1990,226.66,8.67,12.59,1600.00,609.00,0.00,0.32,-,23833,3824
1990,1115.90,29.67,75.08,3150.00,2880.00,0.00,0.10,-,160996,160996
1990,146.46,5.21,8.43,598.00,305.00,0.00,0.19,-,37380,37380
1990,139.62,8.30,11.20,1770.00,566.00,0.02,0.10,88500,753353,753353
1990,812.03,71.35,87.00,6160.00,3020.00,0.00,4.72,-,22677,8762
1990,175.30,17.03,21.29,1690.00,555.00,0.34,1.68,4971,2388,1780
1990,309.86,23.79,33.59,3050.00,1220.00,0.00,0.47,-,28706,5625
1990,1506.00,102.54,136.83,11900.00,4920.00,16.60,38.00,717,56000,9490
1990,1538.81,107.86,123.76,14300.00,3760.00,12.60,29.00,1135,25292,7680
1990,1584.29,96.78,137.14,12800.00,2820.00,0.41,8.00,1220,64000,20200
1989,622.80,35.76,36.06,9110.00,2500.00,1.37,1.37,6650,35715,13421
1989,820.69,62.60,47.21,4580.00,3090.00,2.85,8.00,1607,36200,36200
1989,221.73,14.05,13.72,1910.00,949.00,0.37,1.51,5162,18016,1690
1989,247.28,13.11,12.65,3640.00,984.00,0.36,0.89,10111,49693,3940
1989,633.18,30.61,35.56,6340.00,-,0.06,0.27,105667,24500,2630
1989,417.08,23.99,23.33,1080.00,1080.00,3.40,3.90,446,4652,2696
1989,1980.65,116.31,101.74,13200.00,13200.00,5.41,9.88,23276,13000,-
1989,2090.62,89.01,105.58,6020.00,6020.00,14.30,15.80,1387,27993,27993
1989,597.46,25.18,22.07,3640.00,1385.00,0.00,1.18,-,16534,5224
1989,149.68,7.29,8.17,1300.00,990.00,0.00,0.21,-,8240,1161
1989,441.02,18.28,18.58,5980.00,1750.00,0.00,0.57,-,36300,8365
1989,226.66,8.54,9.69,1600.00,1230.00,0.00,0.17,-,23833,6338
1989,1115.90,23.99,26.52,3150.00,3150.00,0.00,0.25,-,26212,26212
1989,146.46,5.02,4.15,598.00,-,0.00,0.13,-,20044,426
1989,139.62,7.94,7.04,1770.00,890.00,0.02,0.04,88500,78434,15825
1989,812.03,70.84,56.68,6160.00,2730.00,0.00,8.70,-,22677,22677
1989,175.30,16.86,13.24,1690.00,822.00,0.34,1.20,4971,2388,2388
1989,309.86,23.44,22.69,3050.00,2630.00,0.00,0.30,-,28706,6345
1989,1506.00,100.82,84.95,11900.00,4180.00,16.60,19.50,717,56000,17500
1989,1538.81,107.07,80.07,14300.00,4940.00,12.60,30.00,1135,25292,10100
1989,1584.29,95.84,72.68,12800.00,1540.00,0.41,4.96,31220,64000,23400
1988,622.80,35.75,24.97,9110.00,374.00,1.59,3.05,6650,35715,615
1988,820.69,63.00,46.44,4580.00,2160.00,2.85,6.66,1607,33900,7540
1988,221.73,14.06,10.46,1910.00,-,0.37,1.06,5162,18016,268
1988,247.28,13.13,7.99,3640.00,580.00,0.36,0.84,10111,49693,53
1988,633.18,30.38,20.33,6340.00,622.00,0.06,0.62,105667,24500,724
1988,417.08,24.03,19.11,1080.00,131.00,3.40,6.80,446,4652,499
1988,1980.65,116.94,85.67,13100.00,1120.00,5.41,20.50,23276,13000,194
1988,2090.62,80.72,62.50,1970.00,1970.00,14.30,17.90,1387,23534,9125
1988,597.46,25.27,20.09,3640.00,1204.00,0.00,0.54,-,16534,2600
1988,149.68,7.23,6.72,1300.00,608.00,0.00,0.10,-,8240,1520
1988,441.02,18.27,16.53,5980.00,1020.00,0.00,0.54,-,36300,36300
1988,226.66,8.49,9.31,1600.00,704.00,0.00,0.44,-,23833,5027
1988,1115.90,23.63,22.07,2680.00,2090.00,0.00,0.00,-,21200,17065
1988,146.46,5.07,3.62,598.00,-,0.00,0.12,-,20044,12709
1988,139.62,8.07,11.42,1770.00,1330.00,0.02,0.04,88500,78434,40210
1988,812.03,71.31,49.99,6160.00,2000.00,0.00,7.80,-,21927,4010
1988,175.30,17.01,13.62,1690.00,680.00,0.34,1.60,4971,1680,1425
1988,309.86,23.47,17.77,3050.00,1740.00,0.00,0.40,-,28706,969
1988,1506.00,101.66,78.96,11900.00,1210.00,16.60,25.50,717,56000,14700
1988,1538.81,108.49,113.16,14300.00,3200.00,12.60,24.00,1135,25292,9820
1988,1584.29,96.40,92.43,12800.00,-,0.41,6.40,31220,64000,9790
1987,622.80,36.18,39.94,9110.00,1310.00,1.59,4.75,6650,35715,8562
1987,820.69,63.43,43.84,4580.00,3060.00,2.85,5.80,1607,33900,12400
1987,221.73,14.28,10.74,1910.00,249.00,0.37,1.50,5162,18016,253
1987,247.28,13.29,10.88,3640.00,656.00,0.36,0.90,10111,49693,1885
1987,633.18,30.86,24.42,6340.00,1320.00,0.06,0.57,105667,24500,5310
1987,417.08,24.32,23.98,1080.00,401.00,3.40,5.20,446,4652,1387
1987,1980.65,118.36,125.23,13100.00,3730.00,5.41,20.60,23276,13000,988
1987,2090.62,98.94,98.94,1730.00,1730.00,14.30,14.30,1387,23534,23534
1987,597.46,25.42,28.58,3640.00,883.00,0.00,1.50,-,16534,3150
1987,149.68,7.27,6.19,1300.00,452.00,0.00,0.15,-,8240,8240
1987,441.02,18.33,15.01,5980.00,610.00,0.00,0.58,-,24734,7377
1987,226.66,8.46,6.41,1600.00,389.00,0.00,0.03,-,23833,5923
1987,1115.90,23.89,16.90,2680.00,723.00,0.00,0.02,-,21200,19402
1987,146.46,5.17,3.51,598.00,346.00,0.00,0.15,-,20044,13332
1987,139.62,7.51,6.45,1770.00,1390.00,0.02,0.02,88500,78434,78434
1987,812.03,72.05,56.00,6160.00,2990.00,0.00,6.30,-,21927,9625
1987,175.30,17.16,16.17,1690.00,756.00,0.34,0.60,4971,1680,1016
1987,309.86,23.69,26.98,3050.00,3050.00,0.00,0.19,-,28706,5932
1987,1506.00,102.92,94.66,11900.00,4550.00,16.60,19.00,717,56000,16400
1987,1538.81,108.23,105.95,14300.00,3330.00,12.60,28.80,1135,25292,14400
1987,1584.29,96.49,83.33,12800.00,6190.00,0.41,1.30,31220,64000,51500
1986,622.80,36.02,47.73,9110.00,1842.00,1.59,3.62,6650,35715,11021
1986,820.69,63.96,57.64,4580.00,3000.00,2.85,13.90,1607,33900,18800
1986,221.73,14.50,18.10,1910.00,760.00,0.37,2.40,5162,18016,11468
1986,247.28,13.37,13.43,3640.00,386.00,0.36,1.10,10111,49693,1770
1986,633.18,31.18,32.13,6340.00,1630.00,0.06,0.85,105667,24500,4150
1986,417.08,24.34,31.44,1080.00,762.00,3.40,6.16,446,4652,4652
1986,1980.65,118.03,138.02,13100.00,7530.00,5.41,46.80,23276,13000,489
1986,2090.62,-,-,-,-,-,-,1387,-,-
1986,597.46,25.33,23.12,3640.00,1010.00,0.00,1.20,-,16534,5460
1986,149.68,7.34,5.38,1300.00,516.00,0.00,0.35,-,6779,2760
1986,441.02,18.45,19.28,5980.00,681.00,0.00,0.66,-,24734,2807
1986,226.66,8.54,7.97,1600.00,321.00,0.00,0.10,-,23833,3330
1986,1115.90,25.29,19.78,2680.00,805.00,0.00,0.00,-,21200,14533
1986,146.46,5.29,3.27,598.00,265.00,0.00,0.38,-,20044,11494
1986,139.62,7.72,5.47,1770.00,541.00,0.02,0.02,88500,72677,15024
1986,812.03,72.62,48.24,6160.00,834.00,0.00,8.30,-,21927,3548
1986,175.30,17.20,13.79,1690.00,397.00,0.34,1.28,4971,1680,728
1986,309.86,23.56,24.52,2950.00,2020.00,0.00,0.16,-,28706,1758
1986,1506.00,103.40,83.02,11900.00,1190.00,16.60,26.40,717,56000,28100
1986,1538.81,108.36,124.39,14300.00,4100.00,12.60,27.60,1135,25292,24900
1986,1584.29,96.82,101.88,12800.00,3440.00,0.41,7.36,31220,64000,22430
1985,622.80,35.51,47.30,9110.00,3985.00,1.59,7.15,6650,35715,14197
1985,820.69,64.14,38.82,4580.00,1230.00,2.85,5.01,1607,33900,15500
1985,221.73,14.26,18.24,1910.00,1420.00,0.37,1.74,5162,18016,1195
1985,247.28,13.36,15.56,3640.00,1740.00,0.36,1.21,10111,49693,717
1985,633.18,31.14,35.40,6340.00,3910.00,0.06,0.29,105667,24500,1280
1985,417.08,23.87,29.80,1080.00,289.00,3.40,4.80,446,-,-
1985,1980.65,117.03,145.74,13100.00,6520.00,5.41,52.40,23276,13000,10100
1985,2090.62,-,-,-,-,-,-,1387,-,-
1985,597.46,25.39,29.04,3640.00,451.00,0.00,0.40,-,16534,3200
1985,149.68,7.49,8.63,1300.00,376.00,0.00,0.11,-,6779,3310
1985,441.02,18.42,19.48,5980.00,-,0.00,0.25,-,24734,12800
1985,226.66,8.57,9.60,1600.00,328.00,0.00,0.01,-,23833,1530
1985,1115.90,26.67,25.02,2680.00,1140.00,0.00,0.00,-,21200,8192
1985,146.46,5.44,4.15,598.00,327.00,0.00,0.00,-,20044,4751
1985,139.62,8.28,9.80,1770.00,795.00,0.02,0.06,88500,72677,72677
1985,812.03,73.53,62.56,6160.00,1630.00,0.00,8.84,-,21927,3050
1985,175.30,17.36,20.29,1690.00,570.00,0.34,1.15,4971,1680,202
1985,309.86,23.52,23.82,2950.00,1160.00,0.00,0.10,-,28706,863
1985,1506.00,104.68,126.59,11900.00,6550.00,16.60,32.10,717,56000,56000
1985,1538.81,107.36,186.35,14300.00,3200.00,12.60,25.10,1135,25292,8280
1985,1584.29,96.69,96.95,12800.00,2360.00,0.41,8.20,31220,64000,24100
1984,622.80,34.98,42.44,9110.00,1692.00,1.59,1.59,6650,35715,6074
1984,820.69,64.86,52.54,4580.00,1259.00,2.85,13.50,1607,33900,25500
1984,221.73,13.97,17.89,1910.00,1520.00,0.37,1.84,5162,18016,885
1984,247.28,13.29,14.14,3640.00,1340.00,0.36,0.88,10111,49693,2130
1984,633.18,30.90,28.91,6340.00,822.00,0.06,0.34,105667,24500,1410
1984,417.08,23.44,21.01,1080.00,209.00,3.40,3.75,446,-,-
1984,1980.65,115.52,104.21,13100.00,2520.00,5.41,12.30,23276,13000,1820
1984,2090.62,-,-,-,-,-,-,1387,-,-
1984,597.46,25.28,20.60,3640.00,582.00,0.00,0.62,-,16534,1410
1984,149.68,7.40,6.42,1300.00,341.00,0.00,0.08,-,6779,874
1984,441.02,18.38,14.81,5980.00,470.00,0.00,0.39,-,24734,23506
1984,226.66,8.52,7.68,1600.00,808.00,0.00,0.12,-,23833,2500
1984,1115.90,27.21,19.21,2680.00,1390.00,0.01,0.93,-,21200,20205
1984,146.46,5.55,5.18,598.00,346.00,0.01,0.07,-,20044,7791
1984,139.62,7.78,5.85,1770.00,600.00,0.02,0.02,88500,53800,35909
1984,812.03,73.95,48.81,6160.00,554.00,0.00,2.57,-,21927,1960
1984,175.30,17.22,8.75,1690.00,762.00,0.34,0.54,4971,1680,295
1984,309.86,23.51,12.05,2950.00,523.00,0.00,0.10,-,28706,2860
1984,1506.00,103.22,100.46,11900.00,2620.00,16.60,26.60,717,28800,28800
1984,1538.81,102.09,157.54,14300.00,-,12.60,24.30,1135,25292,2930
1984,1584.29,96.68,83.84,12800.00,2060.00,0.41,1.65,31220,64000,18200
1983,622.80,34.62,35.99,9110.00,399.00,4.74,5.22,6650,35715,319
1983,820.69,65.22,46.10,4580.00,698.00,2.85,6.06,1607,33900,5300
1983,221.73,13.67,18.83,1910.00,252.00,0.37,2.12,5162,18016,568
1983,247.28,13.26,16.47,3640.00,695.00,0.36,1.03,10111,49693,327
1983,633.18,31.02,51.75,6340.00,1950.00,0.06,0.65,105667,24500,7480
1983,417.08,23.63,31.98,1080.00,383.00,3.40,4.04,446,-,-
1983,1980.65,116.15,134.06,13100.00,4810.00,5.41,34.90,23276,13000,4680
1983,2090.62,-,-,-,-,-,-,1387,-,-
1983,597.46,25.43,27.35,3640.00,748.00,0.00,3.30,-,16534,2013
1983,149.68,7.49,8.18,1300.00,215.00,0.00,0.44,-,6779,840
1983,441.02,18.51,20.76,5980.00,533.00,0.00,0.45,-,24734,16500
1983,226.66,8.56,9.84,1600.00,312.00,0.00,0.32,-,23833,2570
1983,1115.90,31.22,33.56,2680.00,997.00,0.01,1.00,-,21200,19328
1983,146.46,5.58,7.10,598.00,536.00,0.01,0.44,-,20044,973
1983,139.62,8.75,9.32,1770.00,1770.00,0.04,0.07,88500,53800,33100
1983,812.03,74.95,62.60,6160.00,1860.00,0.00,9.47,-,21927,4184
1983,175.30,17.66,13.92,1690.00,608.00,0.34,2.04,4971,1680,646
1983,309.86,24.03,11.72,2950.00,1190.00,0.00,0.24,-,28706,5380
1983,1506.00,103.41,75.48,11900.00,-,16.60,20.50,717,23000,3020
1983,1538.81,98.13,60.73,14300.00,-,12.60,12.60,1135,25292,406
1983,1584.29,97.03,59.60,12800.00,1600.00,0.41,4.22,31220,64000,3830
1982,622.80,34.55,31.51,9110.00,1038.00,4.74,5.29,6650,35715,2933
1982,820.69,65.80,48.72,4580.00,2920.00,2.85,9.65,1607,33900,17500
1982,221.73,13.24,11.57,1910.00,690.00,0.37,2.00,5162,18016,1400
1982,247.28,13.14,11.45,3640.00,925.00,0.36,1.11,10111,49693,586
1982,633.18,29.72,29.91,6340.00,822.00,0.06,0.75,105667,24500,9740
1982,417.08,22.94,25.52,1080.00,866.71,3.40,4.80,446,-,-
1982,1980.65,115.10,118.41,13100.00,2860.00,5.41,19.90,23276,13000,6270
1982,2090.62,-,-,-,-,-,-,1387,-,-
1982,597.46,25.37,25.32,3640.00,578.00,0.00,1.50,-,16534,820
1982,149.68,7.42,5.85,1300.00,386.00,0.00,0.20,-,6779,1987
1982,441.02,18.42,18.51,5980.00,704.00,0.00,0.60,-,24734,15167
1982,226.66,8.50,11.31,1600.00,671.00,0.00,0.25,-,23833,8392
1982,1115.90,28.87,28.87,2680.00,2680.00,0.01,0.01,-,21200,21200
1982,146.46,5.43,6.06,598.00,598.00,0.01,0.11,-,20044,7140
1982,139.62,8.17,8.17,969.00,969.00,0.04,0.04,88500,53800,53800
1982,812.03,75.47,72.24,6160.00,2920.00,0.00,7.95,-,21927,12684
1982,175.30,17.87,17.15,1690.00,1230.00,0.34,1.15,4971,1680,1563
1982,309.86,24.61,21.01,2950.00,2020.00,0.00,0.25,-,28706,4549
1982,1506.00,105.56,93.70,11900.00,-,16.60,22.10,717,23000,4936
1982,1538.81,101.01,106.17,14300.00,-,13.70,13.70,1135,25292,3953
1982,1584.29,98.07,79.83,12800.00,4030.00,0.41,1.81,31220,64000,64000
1981,622.80,34.71,38.80,9110.00,1128.00,4.74,5.53,6650,35715,4088
1981,820.69,66.34,58.59,4580.00,2180.00,2.85,8.78,1607,33900,11100
1981,221.73,13.39,15.30,1910.00,1020.00,0.37,1.04,5162,18016,2880
1981,247.28,13.20,20.72,3640.00,1240.00,0.36,0.80,10111,49693,2892
1981,633.18,29.71,56.94,6340.00,4920.00,0.06,0.10,105667,24500,5640
1981,417.08,22.70,27.77,1080.00,592.83,3.40,3.63,446,-,-
1981,1980.65,114.89,162.75,13100.00,3630.00,5.41,10.80,23276,13000,4433
1981,2090.62,-,-,-,-,-,-,1387,-,-
1981,597.46,25.37,31.80,3640.00,1310.00,0.00,0.01,-,16534,11499
1981,149.68,7.59,8.23,1300.00,915.00,0.00,0.06,-,6779,3623
1981,441.02,18.42,24.44,5980.00,1360.00,0.00,0.07,-,24734,7909
1981,226.66,8.37,13.53,1600.00,1080.00,0.00,0.10,-,23833,4607
1981,1115.90,-,-,-,-,-,-,-,-,-
1981,146.46,5.36,3.89,542.00,530.00,0.01,0.01,-,20044,1894
1981,139.62,-,-,-,-,-,-,88500,-,-
1981,812.03,75.61,87.00,6160.00,2720.00,0.00,6.14,-,21927,3242
1981,175.30,17.91,21.49,1690.00,1690.00,0.34,1.00,4971,1680,1488
1981,309.86,24.79,29.26,2950.00,2410.00,0.00,0.11,-,28706,9185
1981,1506.00,106.55,107.69,11900.00,-,16.60,29.70,717,23000,11183
1981,1538.81,100.58,110.43,14300.00,-,14.00,14.50,1135,25292,9553
1981,1584.29,98.59,98.30,12800.00,6030.00,0.41,3.20,31220,60900,35400
1980,622.80,34.49,24.54,9110.00,995.00,4.74,6.93,6650,35715,6813
1980,820.69,66.59,48.54,4580.00,2800.00,2.85,4.31,1607,33900,33900
1980,221.73,13.20,9.62,1910.00,-,0.37,2.11,5162,18016,3890
1980,247.28,12.90,8.76,3640.00,1700.00,0.36,0.98,10111,49693,13200
1980,633.18,27.76,14.36,6340.00,1880.00,0.06,0.38,105667,24500,2020
1980,417.08,22.20,15.54,1080.00,738.06,3.40,5.10,446,-,-
1980,1980.65,111.70,54.80,13100.00,7980.00,5.41,8.23,23276,13000,710
1980,2090.62,-,-,-,-,-,-,1387,-,-
1980,597.46,25.14,12.39,3640.00,1720.00,0.00,0.26,-,16534,5655
1980,149.68,7.51,2.87,1300.00,1300.00,0.00,0.06,-,6779,5502
1980,441.02,18.16,9.03,5980.00,1440.00,0.00,0.16,-,24734,2797
1980,226.66,8.11,1.99,1600.00,295.00,0.00,0.01,-,23833,1514
1980,1115.90,-,-,-,-,-,-,-,-,-
1980,146.46,5.55,0.74,542.00,27.80,0.01,0.01,-,20044,331
1980,139.62,-,-,-,-,-,-,88500,-,-
1980,812.03,75.09,24.10,6160.00,1980.00,0.00,6.32,-,21927,21927
1980,175.30,17.69,3.80,1470.00,61.60,0.34,0.34,4971,1680,155
1980,309.86,24.56,5.56,2950.00,780.00,0.00,0.00,-,28706,600
1980,1506.00,106.45,62.03,11900.00,-,16.60,24.10,717,23000,4930
1980,1538.81,99.69,49.56,14300.00,3890.00,14.00,14.50,1135,25292,6225
1980,1584.29,98.60,30.26,12800.00,3740.00,0.41,2.20,31220,60900,12700
1979,622.80,35.07,37.90,9110.00,-,4.74,6.73,6650,35715,6673
1979,820.69,67.19,42.43,4580.00,558.00,2.85,7.20,1607,30789,10800
1979,221.73,13.60,16.04,1910.00,-,0.37,2.67,5162,18016,5400
1979,247.28,13.08,16.72,3640.00,849.00,0.36,1.00,10111,49693,1590
1979,633.18,28.79,37.21,6340.00,779.00,0.06,0.38,105667,24500,23900
1979,417.08,22.93,25.60,1080.00,280.00,3.40,5.70,446,-,-
1979,1980.65,115.77,100.94,13100.00,3360.00,5.41,16.90,23276,13000,2210
1979,2090.62,-,-,-,-,-,-,1387,-,-
1979,597.46,25.61,27.94,3640.00,922.00,0.00,0.90,-,16534,2828
1979,149.68,8.18,8.02,1000.00,828.00,0.00,0.21,-,6779,1976
1979,441.02,18.57,22.17,5980.00,902.00,0.00,0.55,-,24734,3410
1979,226.66,8.43,9.10,1600.00,500.00,0.00,0.11,-,23833,3732
1979,146.46,6.23,5.77,542.00,330.00,0.01,0.14,-,20044,1005
1979,812.03,77.52,77.59,6160.00,3090.00,0.00,8.80,-,18999,12254
1979,175.30,18.62,14.65,1470.00,1330.00,1.04,1.45,4971,1680,805
1979,309.86,25.61,23.45,2950.00,2090.00,0.00,0.04,-,28706,4464
1979,1506.00,110.89,93.95,11900.00,-,16.60,29.80,717,23000,1380
1979,1538.81,104.70,89.47,14300.00,-,14.00,32.80,1135,25292,7048
1979,1584.29,100.67,87.89,12800.00,6200.00,0.41,3.29,31220,60900,28500
1978,622.80,34.90,29.87,9110.00,463.00,4.74,8.81,6650,35715,1015
1978,820.69,68.04,54.41,4580.00,1710.00,2.85,3.23,1607,30789,8000
1978,221.73,13.30,14.25,1910.00,-,0.37,3.20,5162,18016,2510
1978,247.28,12.92,15.18,3640.00,522.00,0.36,0.95,10111,49693,2700
1978,633.18,28.09,31.29,6340.00,585.00,0.06,0.49,105667,24500,12836
1978,417.08,22.60,21.82,1080.00,213.00,3.40,6.40,446,-,-
1978,1980.65,116.91,85.01,13100.00,1360.00,5.41,13.30,23276,13000,2050
1978,2090.62,-,-,-,-,-,-,1387,-,-
1978,597.46,25.52,29.66,3640.00,521.00,0.00,2.02,-,16534,3646
1978,149.68,8.20,9.27,1000.00,976.00,0.00,0.13,-,6779,1241
1978,441.02,18.40,23.51,5980.00,520.00,0.00,0.70,-,24734,10037
1978,226.66,8.39,9.20,1600.00,416.00,0.00,0.22,-,23833,4900
1978,1115.90,-,-,-,-,-,-,-,-,-
1978,146.46,6.31,3.73,542.00,254.00,0.01,0.29,-,20044,3922
1978,139.62,-,-,-,-,-,-,88500,-,-
1978,812.03,77.52,75.34,6160.00,4720.00,0.00,10.20,-,18999,18999
1978,175.30,18.90,12.35,1470.00,556.00,1.04,1.46,4971,1680,421
1978,309.86,25.74,16.23,2950.00,859.00,0.00,0.08,-,28706,775
1978,1506.00,112.77,104.05,11900.00,-,16.60,37.80,717,23000,1404
1978,1538.81,106.39,120.63,14300.00,-,14.00,37.60,1135,25292,6085
1978,1584.29,101.07,79.08,12800.00,-,0.41,17.60,31220,60900,6843
1977,622.80,35.23,30.26,9110.00,2220.00,4.74,4.74,6650,35715,9234
1977,820.69,68.53,42.59,4580.00,4580.00,2.85,3.70,1607,30789,6320
1977,221.73,13.16,12.69,1910.00,1190.00,0.37,0.37,5162,18016,4426
1977,247.28,12.81,19.03,3640.00,1450.00,0.36,0.84,10111,49693,2258
1977,633.18,27.80,34.42,6340.00,3010.00,0.06,0.25,105667,24500,24500
1977,417.08,22.71,20.57,1080.00,504.00,3.40,3.40,446,-,-
1977,1980.65,119.56,95.75,13100.00,3840.00,5.41,5.41,23276,13000,3320
1977,2090.62,-,-,-,-,-,-,1387,-,-
1977,597.46,25.35,35.01,3640.00,1660.00,0.00,0.05,-,16534,4847
1977,149.68,7.99,11.04,1000.00,1000.00,0.00,0.00,-,6779,5341
1977,441.02,18.15,32.58,5980.00,1490.00,0.00,0.35,-,24734,5996
1977,226.66,8.35,16.41,1600.00,509.00,0.00,0.33,-,23833,16268
1977,1115.90,-,-,-,-,-,-,-,-,-
1977,146.46,6.82,10.47,542.00,542.00,0.01,0.01,-,20044,20044
1977,139.62,-,-,-,-,-,-,88500,-,-
1977,812.03,77.63,109.12,6160.00,2070.00,0.00,6.70,-,15897,11582
1977,175.30,19.40,23.58,1470.00,1470.00,1.04,1.04,4971,1680,1659
1977,309.86,26.34,36.69,2950.00,1920.00,0.00,0.01,-,28706,6745
1977,1506.00,113.86,100.89,11900.00,4200.00,16.60,16.60,717,23000,15300
1977,1538.81,104.61,104.95,14300.00,3250.00,14.00,14.00,1135,25292,18657
1977,1584.29,101.78,89.19,12800.00,4800.00,0.41,1.14,31220,60900,30000
1976,622.80,35.59,24.76,9110.00,4550.00,5.15,6.38,6650,35715,35715
1976,820.69,69.49,16.93,4560.00,1040.00,2.85,5.32,1607,30789,296
1976,221.73,13.24,9.20,1910.00,1910.00,1.05,1.05,5162,18016,5090
1976,247.28,12.52,14.86,3640.00,2030.00,0.36,0.47,10111,49693,5970
1976,633.18,27.14,30.79,6340.00,6340.00,0.06,0.06,105667,22605,7490
1976,417.08,23.07,17.32,1080.00,455.00,4.40,5.20,446,-,-
1976,1980.65,121.73,165.36,13100.00,6500.00,8.60,10.40,23276,13000,4530
1976,2090.62,-,-,-,-,-,-,1387,-,-
1976,597.46,24.95,22.52,3640.00,1160.00,0.00,0.09,-,16534,3093
1976,149.68,7.23,7.00,910.00,750.00,0.04,0.09,-,6779,2796
1976,441.02,17.39,21.60,5980.00,1160.00,0.00,0.39,-,24734,6883
1976,226.66,7.84,10.05,1600.00,490.00,0.00,0.02,-,23833,7825
1976,1115.90,-,-,-,-,-,-,-,-,-
1976,146.46,5.91,5.93,470.00,300.00,0.01,0.02,-,4297,3112
1976,139.62,-,-,-,-,-,-,88500,-,-
1976,812.03,75.88,86.24,6160.00,3230.00,0.00,8.50,-,15897,3618
1976,175.30,19.05,16.15,1320.00,1230.00,1.67,2.05,4971,1680,1395
1976,309.86,25.65,27.64,2950.00,1020.00,0.00,0.08,-,28706,8994
1976,1506.00,115.71,67.06,11900.00,1020.00,22.80,22.80,717,23000,1610
1976,1538.81,104.56,68.78,14300.00,-,15.10,23.10,1135,25292,631
1976,1584.29,102.20,110.87,12800.00,3540.00,0.41,2.70,31220,60900,19900
1975,622.80,36.42,43.63,9110.00,1460.00,5.15,9.88,6650,34864,9382
1975,820.69,71.51,48.00,4560.00,2040.00,2.85,13.20,1607,30789,630
1975,221.73,14.05,16.95,1670.00,-,1.93,1.93,5162,18016,417
1975,247.28,12.40,15.62,3640.00,-,0.36,1.68,10111,49693,540
1975,633.18,26.73,30.41,4630.00,-,0.20,0.39,105667,22605,15500
1975,417.08,24.22,27.51,1080.00,1080.00,4.40,8.00,446,-,-
1975,1980.65,117.37,150.09,13100.00,2910.00,8.60,23.00,23276,13000,1630
1975,2090.62,-,-,-,-,-,-,1387,-,-
1975,597.46,25.06,33.46,3640.00,1340.00,0.00,1.14,-,16534,2135
1975,149.68,7.30,8.82,910.00,707.00,0.04,0.04,-,6779,6428
1975,441.02,17.15,28.84,5980.00,1740.00,0.00,1.10,-,24734,17800
1975,226.66,7.70,15.61,1600.00,1190.00,0.00,0.18,-,23833,14602
1975,1115.90,-,-,-,-,-,-,-,-,-
1975,146.46,5.91,7.97,470.00,470.00,0.01,0.08,-,4297,4297
1975,139.62,-,-,-,-,-,-,88500,-,-
1975,812.03,75.27,101.57,6160.00,2210.00,0.00,6.00,-,15897,10674
1975,175.30,19.32,18.80,1320.00,1220.00,1.67,2.36,4971,1680,1140
1975,309.86,25.50,27.42,2950.00,904.00,0.00,0.10,-,28706,1615
1975,1506.00,123.82,120.95,11900.00,7420.00,25.00,34.80,717,23000,5400
1975,1538.81,110.53,103.10,14300.00,5870.00,15.10,46.40,1135,25292,4360
1975,1584.29,101.90,96.90,12800.00,6820.00,0.41,18.10,31220,60900,32100
1974,622.80,35.82,40.45,9110.00,737.00,5.15,5.80,6650,34864,3194
1974,820.69,72.45,92.91,4560.00,2450.00,2.85,8.50,1607,30789,5880
1974,221.73,13.32,15.39,1670.00,276.00,2.02,2.02,5162,18016,2310
1974,247.28,12.23,17.53,3640.00,1270.00,0.36,0.73,10111,49693,3055
1974,633.18,26.27,43.76,4630.00,959.00,0.20,0.29,105667,22605,2720
1974,417.08,23.40,27.62,950.00,175.00,4.40,4.40,446,-,-
1974,1980.65,113.73,138.14,13100.00,3610.00,8.60,18.70,23276,13000,5540
1974,2090.62,-,-,-,-,-,-,1387,-,-
1974,597.46,24.68,23.95,3640.00,773.00,0.00,0.23,-,16534,2679
1974,149.68,6.55,5.98,910.00,445.00,0.11,0.11,-,6779,1453
1974,441.02,16.47,18.05,5980.00,884.00,0.00,0.60,-,24734,3042
1974,226.66,7.13,7.33,1600.00,374.00,0.00,0.18,-,23833,8262
1974,1115.90,-,-,-,-,-,-,-,-,-
1974,146.46,4.87,5.59,292.00,270.00,0.01,0.18,-,1602,1333
1974,139.62,-,-,-,-,-,-,88500,-,-
1974,812.03,73.63,78.05,6160.00,1550.00,0.00,11.80,-,15897,3804
1974,175.30,19.37,20.49,1320.00,819.00,1.67,1.88,4971,1680,539
1974,309.86,25.36,42.49,2950.00,1210.00,0.00,0.01,-,28706,2635
1974,1506.00,124.39,173.98,11900.00,4020.00,25.00,29.60,717,23000,14400
1974,1538.81,112.01,128.81,14300.00,3480.00,15.10,26.60,1135,25292,6920
1974,1584.29,102.08,164.10,12800.00,4310.00,0.41,8.50,31220,60900,42600
1973,622.80,35.40,21.83,9110.00,647.00,5.15,6.73,6650,34864,5105
1973,820.69,71.60,57.68,4560.00,2350.00,2.85,6.64,1607,30789,11857
1973,221.73,12.63,9.58,1670.00,125.00,2.03,2.03,5162,18016,3049
1973,247.28,11.94,9.56,3640.00,495.00,0.36,1.10,10111,49693,643
1973,633.18,23.77,19.99,4630.00,723.00,0.20,0.74,105667,22605,3088
1973,417.08,21.99,22.67,950.00,590.00,4.95,5.00,446,-,-
1973,1980.65,110.68,89.36,13100.00,2260.00,8.60,13.20,23276,13000,1720
1973,2090.62,-,-,-,-,-,-,1387,-,-
1973,597.46,24.71,26.44,3640.00,820.00,0.00,0.16,-,16534,3876
1973,149.68,7.11,7.11,910.00,910.00,0.11,0.11,-,6779,6779
1973,441.02,16.37,18.09,5980.00,428.00,0.00,0.00,-,24734,7147
1973,226.66,7.12,8.63,1600.00,299.00,0.00,0.22,-,23833,4521
1973,1115.90,-,-,-,-,-,-,-,-,-
1973,146.46,4.16,4.16,292.00,292.00,0.01,0.01,-,1602,1602
1973,139.62,-,-,-,-,-,-,88500,-,-
1973,812.03,73.33,81.01,6160.00,1560.00,0.00,15.70,-,15897,4584
1973,175.30,19.25,17.39,1320.00,495.00,1.67,1.80,4971,1680,490
1973,309.86,23.93,24.69,2950.00,1370.00,0.00,0.01,-,28706,5022
1973,1506.00,112.00,158.26,11900.00,11900.00,25.00,25.00,717,23000,23000
1973,1538.81,107.81,169.52,14300.00,14300.00,15.10,15.10,1135,25292,11198
1973,1584.29,99.78,141.64,12800.00,12800.00,0.41,5.90,31220,60900,60900
1972,622.80,36.75,45.85,9110.00,4990.00,5.15,7.60,6650,34864,32493
1972,820.69,72.20,57.86,4560.00,1900.00,2.85,10.60,1607,30789,1663
1972,221.73,14.15,16.72,1670.00,1670.00,2.20,2.58,5162,18016,9817
1972,247.28,12.08,15.76,3640.00,2010.00,0.36,1.19,10111,49693,30377
1972,633.18,24.40,32.28,4630.00,2860.00,0.20,0.96,105667,22605,22605
1972,417.08,21.65,23.02,950.00,500.00,4.95,5.70,446,-,-
1972,1980.65,113.72,169.33,13100.00,8270.00,8.60,12.50,23276,13000,13000
1972,2090.62,-,-,-,-,-,-,1387,-,-
1972,597.46,24.62,43.05,3640.00,1460.00,0.00,0.04,-,16534,3829
1972,149.68,-,-,-,-,-,-,-,-,-
1972,441.02,16.25,29.65,5980.00,662.00,0.00,0.00,-,24734,9051
1972,226.66,6.99,12.50,1600.00,479.00,0.00,0.14,-,23833,9953
1972,812.03,72.78,118.34,6160.00,3100.00,0.00,15.40,-,15897,14382
1972,175.30,19.48,31.64,1320.00,1320.00,1.67,2.44,4971,1680,1680
1972,309.86,23.86,45.46,2950.00,2580.00,0.00,0.05,-,28706,1996
1972,1506.00,96.58,89.20,9060.00,2980.00,31.10,31.10,717,20240,5219
1972,1538.81,87.25,83.45,10400.00,1700.00,19.00,19.00,1135,25292,2787
1972,1584.29,98.17,91.27,7480.00,2530.00,0.41,15.50,31220,41305,26075
1971,622.80,35.74,41.55,9110.00,4290.00,5.15,6.90,6650,34864,22191
1971,820.69,72.85,93.70,4560.00,3050.00,2.85,4.20,1607,30789,68
1971,221.73,11.58,11.58,1470.00,1470.00,2.20,2.20,5162,18016,18016
1971,247.28,11.85,9.50,3640.00,1350.00,0.36,1.14,10111,49693,15528
1971,633.18,22.83,14.18,4630.00,2050.00,0.20,0.71,105667,19267,19267
1971,417.08,20.27,20.27,950.00,950.00,4.95,4.95,446,-,-
1971,1980.65,104.45,55.04,13100.00,3480.00,8.60,8.60,23276,12200,2030
1971,597.46,23.65,16.42,3640.00,753.00,0.00,0.00,-,16534,6057
1971,441.02,15.29,13.40,5980.00,830.00,0.00,0.00,-,24734,5181
1971,226.66,6.49,7.61,1600.00,783.00,0.00,0.02,-,23833,14768
1971,812.03,69.28,62.87,6160.00,1750.00,0.00,9.84,-,15897,15316
1971,175.30,17.74,16.21,1210.00,1210.00,1.67,2.75,4971,1150,1070
1971,309.86,21.70,21.29,2950.00,1800.00,0.00,0.10,-,28706,2312
1971,1506.00,100.26,110.93,9060.00,9060.00,34.70,37.20,717,20240,19137
1971,1538.81,89.14,105.41,10400.00,10400.00,23.00,23.00,1135,25292,3849
1971,1584.29,98.45,72.15,7480.00,3240.00,0.41,9.30,31220,41305,19058
1970,622.80,35.02,33.79,9110.00,2830.00,5.15,8.42,6650,34864,21372
1970,820.69,71.86,70.09,4560.00,2820.00,2.85,5.20,1607,30789,88
1970,247.28,12.00,13.36,3640.00,3640.00,0.36,1.05,10111,49693,49693
1970,633.18,24.99,28.20,4630.00,4630.00,0.20,0.27,105667,14547,14547
1970,417.08,-,-,490.00,490.00,6.80,6.80,446,-,-
1970,1980.65,114.34,118.10,13100.00,13100.00,10.60,14.90,23276,12200,4950
1970,597.46,24.06,24.42,3640.00,2240.00,0.00,0.01,-,16534,8489
1970,441.02,15.44,11.33,5980.00,1120.00,0.00,0.00,-,24734,5989
1970,226.66,6.38,3.62,1600.00,607.00,0.00,0.09,-,23833,4842
1970,812.03,69.81,42.66,6160.00,1600.00,0.00,9.20,-,15897,10061
1970,175.30,18.00,15.38,1080.00,564.00,1.67,1.67,4971,1150,328
1970,309.86,21.74,16.52,2950.00,993.00,0.00,0.10,-,28706,2038
1970,1506.00,89.60,89.60,7600.00,588.00,34.70,34.70,717,20240,20240
1970,1538.81,72.88,72.88,7520.00,1050.00,25.00,25.40,1135,25292,25292
1970,1584.29,99.55,48.69,7480.00,1400.00,0.41,11.60,31220,41305,17577
1969,622.80,35.19,51.81,9110.00,4440.00,5.15,5.64,6650,34864,19634
1969,820.69,71.95,84.74,4560.00,4560.00,2.85,4.88,1607,30789,792
1969,247.28,11.91,16.25,3570.00,1940.00,0.36,0.82,10111,21604,15814
1969,633.18,23.92,33.91,3210.00,3210.00,0.20,0.22,105667,7287,5755
1969,1980.65,113.40,104.65,5910.00,2910.00,10.60,10.90,23276,12200,6830
1969,597.46,24.04,22.74,3640.00,663.00,0.00,0.00,-,16534,6076
1969,441.02,15.78,14.54,5980.00,1030.00,0.00,0.04,-,24734,8316
1969,226.66,6.68,5.18,1600.00,468.00,0.00,0.06,-,23833,4390
1969,812.03,72.28,75.34,6160.00,2560.00,0.00,8.88,-,15897,4147
1969,175.30,18.52,16.39,1080.00,952.00,2.00,2.31,4971,1150,917
1969,309.86,22.39,19.81,2950.00,1530.00,0.00,0.13,-,28706,1714
1969,1506.00,-,-,7600.00,7600.00,40.80,40.80,717,9387,9387
1969,1538.81,-,-,7520.00,7520.00,25.00,25.00,1135,12313,12313
1969,1584.29,101.76,115.15,7480.00,5720.00,0.41,5.15,31220,41305,39485
1968,622.80,32.42,44.78,9110.00,950.00,5.15,8.08,6650,34864,1870
1968,820.69,71.28,80.29,4520.00,2580.00,2.85,13.10,1607,30789,5347
1968,247.28,11.57,15.13,3570.00,705.00,0.36,0.75,10111,21604,8870
1968,633.18,18.93,29.45,1040.00,1040.00,0.20,0.39,105667,7287,5495
1968,1980.65,116.31,112.25,5910.00,3670.00,10.60,18.20,23276,12200,1804
1968,597.46,24.12,27.11,3640.00,1580.00,0.00,0.29,-,16534,6243
1968,441.02,15.89,19.25,5980.00,1200.00,0.00,0.00,-,24734,4494
1968,226.66,6.87,8.40,1600.00,1070.00,0.00,0.08,-,23833,6891
1968,812.03,71.98,91.42,6160.00,1100.00,0.00,11.70,-,15897,3384
1968,175.30,19.05,17.85,1080.00,984.00,2.00,2.65,4971,1150,450
1968,309.86,22.76,33.34,2950.00,2250.00,0.00,0.08,-,28706,2973
1968,1584.29,101.15,199.04,7480.00,7480.00,0.41,17.00,31220,41305,41305
1967,622.80,29.95,25.55,9110.00,955.00,5.15,5.54,6650,34864,10002
1967,820.69,70.78,69.95,4520.00,3200.00,2.85,8.68,1607,30789,5316
1967,247.28,11.28,5.89,3570.00,744.00,0.36,0.60,10111,21604,1645
1967,633.18,8.40,8.40,-,-,0.20,0.20,105667,7287,2540
1967,1980.65,118.34,86.59,5910.00,5910.00,10.60,10.60,23276,12200,1461
1967,597.46,23.92,18.61,3640.00,1920.00,0.00,0.00,-,16534,2672
1967,441.02,15.56,11.78,5980.00,2040.00,0.00,0.00,-,24734,6869
1967,226.66,6.65,4.29,1600.00,482.00,0.00,0.14,-,23833,1172
1967,812.03,69.82,47.68,6160.00,980.00,0.00,8.46,-,15897,7598
1967,175.30,19.45,15.98,1080.00,862.00,2.00,2.00,4971,1150,971
1967,309.86,21.00,18.37,2950.00,725.00,0.00,0.14,-,28706,4126
1967,1584.29,96.49,87.75,6190.00,4600.00,0.41,3.25,31220,35733,35733
1966,622.80,31.05,31.31,9110.00,1810.00,5.15,5.30,6650,34864,11425
1966,820.69,70.83,45.80,4520.00,3400.00,2.85,7.00,1607,30789,5723
1966,247.28,11.77,16.76,3570.00,1050.00,0.36,0.80,10111,21604,21604
1966,1980.65,150.09,150.09,-,-,18.00,23.00,23276,12200,-
1966,597.46,24.30,33.08,3640.00,1660.00,0.00,0.00,-,16534,13037
1966,441.02,15.98,19.89,5980.00,1080.00,0.00,0.00,-,24734,11069
1966,226.66,7.05,7.27,1600.00,964.00,0.00,0.04,-,23833,14957
1966,812.03,72.58,98.23,6160.00,2980.00,0.00,9.00,-,15897,15524
1966,175.30,21.18,20.26,1080.00,537.00,2.15,2.64,4971,1150,1150
1966,309.86,21.53,32.81,2950.00,1130.00,0.00,0.10,-,28706,711
1966,1584.29,96.92,121.53,6190.00,5200.00,0.41,2.65,31220,34642,19063
1965,622.80,30.97,22.20,9110.00,1510.00,5.15,5.25,6650,34864,34864
1965,820.69,72.39,46.29,4520.00,992.00,2.85,12.20,1607,30789,22353
1965,247.28,11.27,7.54,3570.00,807.50,0.36,0.48,10111,17148,9470
1965,597.46,23.62,32.84,3640.00,2610.00,0.00,0.10,-,16534,2575
1965,441.02,15.49,18.66,5980.00,2100.00,0.00,0.00,-,24734,8053
1965,226.66,7.00,7.86,1600.00,828.00,0.00,0.02,-,23833,13247
1965,812.03,68.92,69.26,6160.00,3460.00,0.00,7.45,-,15897,7836
1965,175.30,22.11,22.11,1080.00,1080.00,2.15,2.15,4971,-,-
1965,309.86,18.71,21.19,2950.00,936.00,0.00,0.08,-,28706,2997
1965,1584.29,95.63,67.81,6190.00,3750.00,0.41,2.60,31220,34642,34642
1964,622.80,35.35,20.21,9110.00,-,5.15,5.15,6650,30093,7639
1964,820.69,74.13,54.62,4520.00,-,2.85,7.55,1607,30789,6281
1964,247.28,11.68,7.23,3570.00,578.00,0.36,0.96,10111,17148,2529
1964,1980.65,-,-,-,-,18.00,18.00,23276,12200,12200
1964,597.46,22.85,16.18,3640.00,665.00,0.00,0.00,-,16534,6595
1964,441.02,15.04,11.07,5980.00,237.00,0.00,0.00,-,24734,9129
1964,226.66,6.79,5.32,1600.00,492.00,0.00,0.10,-,23833,2844
1964,812.03,68.86,42.62,6160.00,882.00,0.00,8.60,-,15897,3
1964,309.86,17.88,13.01,2950.00,810.00,0.00,0.10,-,28706,28706
1964,1584.29,97.17,76.32,6190.00,3400.00,0.41,4.78,31220,16380,
1963,622.80,50.49,50.49,9110.00,9110.00,5.34,5.34,6650,30093,30093
1963,820.69,75.52,45.47,4520.00,2610.00,2.85,2.85,1607,30789,30789
1963,247.28,12.24,15.96,3570.00,3570.00,0.36,1.00,10111,17148,17148
1963,597.46,23.46,26.21,3640.00,2230.00,0.00,0.00,-,16534,4085
1963,441.02,15.70,20.43,5980.00,1620.00,0.00,0.00,-,24734,17053
1963,226.66,7.28,7.10,1600.00,990.00,0.00,0.00,-,23833,23833
1963,812.03,74.11,61.25,6160.00,2140.00,0.00,5.30,-,15897,13744
1963,309.86,20.31,14.32,2950.00,953.00,0.00,0.12,-,6139,4027
1963,1584.29,98.40,66.41,6190.00,2900.00,0.41,1.56,31220,15349,15349
1962,820.69,77.83,79.30,4520.00,4520.00,3.56,9.25,1607,17456,13300
1962,247.28,11.71,11.19,2800.00,2500.00,0.36,1.00,10111,9051,9051
1962,597.46,23.18,25.37,3640.00,1675.00,0.00,0.00,-,16534,16534
1962,441.02,14.75,21.77,5980.00,1040.00,0.00,0.00,-,24734,24734
1962,226.66,7.37,6.69,1600.00,753.00,0.00,0.00,-,19310,19310
1962,812.03,77.33,74.40,6160.00,2020.00,0.00,7.11,-,15897,15897
1962,309.86,26.31,26.31,2950.00,2950.00,0.00,0.09,-,6139,6139
1962,1584.29,100.40,98.47,6190.00,5800.00,0.41,2.60,31220,14904,
1961,820.69,77.71,61.41,3820.00,3820.00,3.56,10.30,1607,17456,17456
1961,247.28,11.79,9.09,2800.00,794.00,0.36,1.28,10111,7300,128
1961,597.46,22.94,25.66,3640.00,1210.00,0.00,0.01,-,15040,1815
1961,441.02,13.00,19.33,5980.00,3160.00,0.00,0.00,-,7673,7673
1961,226.66,8.04,8.04,1600.00,1120.00,0.00,0.00,-,13793,3675
1961,812.03,78.30,65.64,6160.00,2180.00,0.00,9.05,-,9930,9802
1961,309.86,-,-,2790.00,2790.00,0.00,0.90,-,1287,1287
1961,1584.29,100.53,144.17,6190.00,5020.00,0.41,1.02,31220,14904,14904
1960,820.69,79.19,80.41,3270.00,1410.00,3.56,11.30,1607,8802,8802
1960,247.28,12.34,17.53,2800.00,2800.00,0.36,0.36,10111,7300,87
1960,597.46,22.60,19.25,3640.00,3640.00,0.00,0.27,-,15040,4591
1960,441.02,10.89,-,5980.00,3080.00,0.00,0.48,-,5570,1842
1969,226.66,-,-,1600.00,1600.00,0.15,0.15,-,13793,4416
1960,812.03,84.63,81.93,6160.00,6160.00,0.00,5.75,-,9930,6752
1960,1584.29,97.41,63.61,6190.00,1970.00,0.41,0.41,31220,7580,19
1959,820.69,79.07,59.52,3270.00,2950.00,3.56,5.40,1607,8750,8316
1959,247.28,11.04,13.87,2470.00,1930.00,0.52,0.80,10111,7300,25
1959,597.46,23.08,25.01,3451.00,3451.00,0.00,0.01,-,15040,1562
1959,441.02,10.89,-,5980.00,5980.00,0.00,0.00,-,5570,-
1959,812.03,87.34,87.34,4940.00,4940.00,0.00,5.50,-,9930,9930
1959,1584.29,100.01,59.72,6190.00,3810.00,1.57,1.57,31220,7580,204
1958,820.69,81.25,62.37,3270.00,2880.00,3.56,8.00,1607,8750,1671
1958,247.28,10.09,6.07,2470.00,788.00,0.52,0.52,10111,7300,4679
1958,597.46,22.76,17.90,2245.00,627.00,0.00,0.08,-,15040,3393
1958,441.02,10.89,9.08,446.00,326.00,0.00,0.00,-,5570,-
1958,812.03,-,-,1420.00,1420.00,0.00,9.65,-,8200,1
1958,1584.29,103.37,91.59,6190.00,2770.00,1.91,5.70,31220,7580,1020
1957,820.69,83.61,66.33,3270.00,1180.00,3.56,8.00,1607,8750,2901
1957,247.28,12.10,10.48,2470.00,1260.00,0.52,0.52,10111,7300,0
1957,597.46,23.73,18.19,2245.00,1060.00,0.00,0.00,-,15040,211
1957,441.02,11.79,-,446.00,-,0.00,1.37,-,5570,-
1957,1584.29,104.44,138.81,6190.00,6190.00,1.91,10.00,31220,7580,1247
1956,820.69,86.07,98.95,3270.00,3270.00,3.56,10.20,1607,8750,1041
1956,247.28,13.72,13.72,2470.00,1680.00,0.76,0.76,10111,7300,110
1956,597.46,25.11,14.45,2245.00,2245.00,0.00,0.24,-,15040,2370
1956,441.02,11.79,-,446.00,-,0.00,0.00,-,5570,-
1956,1584.29,101.00,108.74,6180.00,6180.00,1.91,6.15,31220,7580,737
1955,820.69,83.93,55.07,1830.00,-,3.56,13.40,1607,8750,1030
1955,247.28,-,-,2470.00,2470.00,0.99,0.99,10111,7300,7300
1955,597.46,28.67,-,1540.00,-,0.00,0.17,-,15040,15040
1955,441.02,11.79,-,446.00,347.00,0.00,0.00,-,5570,-
1955,1584.29,100.14,64.28,5500.00,5500.00,1.91,8.55,31220,7580,7580
1954,820.69,89.70,92.03,1830.00,1830.00,3.56,16.50,1607,8750,7780
1954,597.46,28.67,-,1540.00,368.00,0.00,0.00,-,4770,3290
1954,441.02,11.79,-,446.00,-,0.00,0.00,-,5570,-
1954,1584.29,104.63,74.76,3160.00,1890.00,1.91,13.10,31220,2670,1740
1953,820.69,89.12,126.87,1520.00,1520.00,3.56,22.40,1607,8750,2980
1953,597.46,28.67,31.61,1540.00,1540.00,0.00,0.11,-,4770,4230
1953,441.02,11.79,10.45,446.00,158.00,0.00,0.40,-,5570,-
1953,1584.29,108.89,243.42,3160.00,3160.00,1.91,16.40,31220,2670,1806
1952,820.69,76.53,79.54,1410.00,1040.00,3.56,3.56,1607,8750,2400
1952,597.46,27.20,-,1380.00,1380.00,0.00,0.00,-,4770,3650
1952,441.02,13.13,-,446.00,446.00,0.00,0.00,-,5570,-
1952,1584.29,86.47,122.09,2760.00,2760.00,1.91,11.20,31220,2670,240
1951,820.69,75.03,78.37,1410.00,980.00,8.50,20.00,1607,8750,8190
1951,597.46,27.20,30.16,735.00,735.00,0.01,0.01,-,4770,4770
1951,441.02,13.13,-,233.00,233.00,0.00,0.29,-,5570,-
1951,1584.29,79.35,140.86,1930.00,-,1.91,10.40,31220,2670,26
1950,820.69,71.69,71.69,1410.00,700.00,8.50,9.00,1607,8750,929
1950,597.46,24.24,24.24,-,-,0.12,0.29,-,4090,4090
1950,441.02,13.13,13.13,139.90,139.90,0.00,0.24,-,5570,-
1950,1584.29,63.97,92.61,1930.00,1930.00,1.91,5.50,31220,2670,
1949,820.69,-,-,1410.00,1410.00,8.50,8.50,1607,8750,8750
1949,1584.29,54.43,76.88,-,-,1.91,6.00,31220,2670,107
